WRISTx,WRISTy,THUMB_CMCx,THUMB_CMCy,THUMB_MCPx,THUMB_MCPy,THUMB_IPx,THUMB_IPy,THUMB_TIPx,THUMB_TIPy,INDEX_FINGER_MCPx,INDEX_FINGER_MCPy,INDEX_FINGER_PIPx,INDEX_FINGER_PIPy,INDEX_FINGER_DIPx,INDEX_FINGER_DIPy,INDEX_FINGER_TIPx,INDEX_FINGER_TIPy,MIDDLE_FINGER_MCPx,MIDDLE_FINGER_MCPy,MIDDLE_FINGER_PIPx,MIDDLE_FINGER_PIPy,MIDDLE_FINGER_DIPx,MIDDLE_FINGER_DIPy,MIDDLE_FINGER_TIPx,MIDDLE_FINGER_TIPy,RING_FINGER_MCPx,RING_FINGER_MCPy,RING_FINGER_PIPx,RING_FINGER_PIPy,RING_FINGER_DIPx,RING_FINGER_DIPy,RING_FINGER_TIPx,RING_FINGER_TIPy,PINKY_MCPx,PINKY_MCPy,PINKY_PIPx,PINKY_PIPy,PINKY_DIPx,PINKY_DIPy,PINKY_TIPx,PINKY_TIPy
557,284,535,280,520,261,516,239,519,219,508,222,490,193,478,170,469,150,527,216,522,189,524,203,525,219,547,214,546,187,544,202,540,217,566,216,569,188,571,169,570,152
560,286,536,281,521,262,518,239,522,219,507,222,491,192,480,171,469,151,527,216,521,188,523,204,524,221,547,215,545,187,544,203,540,220,567,217,570,189,571,171,569,154
560,288,536,280,521,261,518,238,521,219,507,222,490,191,479,171,469,152,526,216,520,189,523,206,525,222,547,216,545,189,544,205,541,220,567,218,571,190,572,172,570,155
560,289,537,280,522,262,518,240,520,220,507,222,490,191,480,170,470,151,527,216,519,188,522,205,524,223,547,216,544,188,543,205,540,220,566,218,570,189,571,171,570,154
561,291,536,281,521,261,519,238,522,218,507,222,490,191,480,171,470,152,526,216,519,189,523,206,525,222,547,216,544,189,543,206,541,221,567,218,571,190,572,172,570,154
561,292,536,282,521,262,518,239,521,219,507,222,490,191,480,171,470,151,527,217,519,189,523,207,524,224,547,216,544,189,543,205,541,221,567,218,571,190,572,171,570,154
561,292,536,282,521,262,519,239,521,218,507,222,489,190,479,170,469,152,526,216,519,189,523,207,526,225,547,216,543,189,543,206,540,221,567,219,571,190,572,172,570,155
561,294,536,282,521,263,520,239,522,219,507,222,490,191,480,171,470,152,526,217,519,190,523,208,524,225,547,217,544,190,542,207,539,222,567,220,571,191,572,172,570,154
562,294,536,282,522,263,519,239,521,219,507,223,489,191,479,171,470,152,527,218,518,189,522,207,525,225,547,217,543,190,542,207,540,222,567,219,571,191,572,172,569,155
561,295,535,282,521,263,519,239,523,218,506,223,489,191,479,171,470,152,526,218,518,190,522,208,525,225,546,217,543,190,542,207,540,223,566,220,571,191,572,173,570,155
561,295,536,282,522,262,519,238,521,218,507,223,489,191,479,171,470,151,527,218,519,190,522,208,524,224,547,217,544,190,542,206,540,221,567,220,571,191,572,173,569,155
562,296,536,282,522,262,520,238,523,217,507,223,490,191,479,171,469,151,527,218,519,189,523,208,525,225,547,217,544,190,543,207,541,224,567,220,571,192,572,173,569,155
562,295,537,282,523,263,521,240,523,219,508,223,490,191,480,170,470,151,527,218,519,190,523,209,525,227,548,217,544,189,542,206,540,221,568,219,571,191,572,172,570,155
563,295,537,282,523,262,521,237,523,216,507,223,491,190,481,170,471,151,527,218,520,190,524,209,526,226,548,217,545,190,544,207,541,222,568,219,572,191,573,172,571,154
563,295,538,282,524,263,521,239,525,219,509,223,492,190,483,170,473,151,529,218,520,190,524,209,526,227,549,217,545,190,544,206,541,221,569,219,573,190,574,172,572,154
564,294,540,281,526,263,523,239,526,220,510,223,493,189,484,169,474,151,530,217,523,191,527,210,529,228,551,216,548,189,547,205,544,220,571,218,575,190,575,172,573,155
566,295,541,282,527,263,524,240,529,220,511,223,494,190,485,170,475,152,531,217,523,191,527,211,529,230,551,217,548,191,547,208,544,224,571,220,576,191,577,173,575,155
568,295,543,282,528,263,523,241,524,220,514,222,498,190,489,170,480,151,534,218,526,192,528,211,528,230,554,218,550,191,548,209,544,224,573,220,578,192,580,173,578,155
571,295,545,282,529,264,521,244,518,225,518,222,501,190,492,170,482,150,536,219,525,191,524,211,524,231,556,219,549,192,543,207,539,223,575,221,580,193,581,173,580,155
572,294,547,281,530,263,519,244,515,228,520,222,504,190,495,169,485,150,538,219,525,191,523,211,522,231,557,219,548,193,541,208,536,223,576,221,580,193,582,173,580,154
573,294,548,282,529,263,517,243,512,224,522,221,506,189,497,169,487,149,539,218,526,190,522,209,522,228,557,218,547,193,539,208,534,224,576,221,580,193,582,172,581,153
573,294,548,282,530,263,519,244,514,227,523,221,508,189,499,169,488,150,540,218,527,190,522,210,521,230,558,219,548,193,539,209,533,225,577,222,580,194,582,173,581,154
573,293,548,281,529,262,517,242,512,225,523,220,508,188,499,168,490,148,540,217,528,189,523,208,522,227,558,219,549,194,540,209,534,226,577,222,581,194,582,174,582,154
572,294,547,281,529,260,518,240,513,223,523,220,508,189,498,169,488,149,540,218,528,190,523,208,522,228,559,219,550,193,541,209,535,225,578,222,582,194,583,174,583,154
573,294,547,280,530,259,522,238,521,219,522,221,506,190,497,170,487,150,540,217,529,189,526,207,525,225,559,218,551,192,544,207,538,223,578,220,582,192,583,172,581,153
574,293,548,279,533,257,528,233,529,213,521,221,504,190,494,171,485,151,540,216,532,188,532,205,533,221,560,216,556,190,553,206,549,222,580,218,583,190,584,171,582,153
578,290,554,277,538,258,538,233,545,212,521,221,502,189,492,169,482,151,541,214,534,188,541,207,546,224,562,212,558,186,561,202,561,217,582,213,584,186,585,167,583,150
579,292,556,279,543,259,545,234,551,213,523,221,505,189,495,169,485,150,544,214,540,187,547,205,551,222,565,213,564,185,566,200,566,215,585,214,588,187,588,169,585,153
581,292,558,278,547,256,555,230,567,208,528,221,508,188,497,167,487,149,548,215,544,188,553,206,557,222,569,213,567,185,571,200,571,214,588,213,590,186,590,168,588,152
583,292,561,279,552,255,565,228,579,207,530,222,511,187,499,167,488,150,551,215,551,189,563,207,567,225,571,212,572,185,579,198,580,213,590,213,591,184,590,167,586,154
583,293,562,279,554,256,567,230,582,210,531,222,513,188,502,168,491,151,552,215,554,189,566,207,570,226,573,212,575,187,582,203,584,220,591,213,591,185,590,168,587,156
583,294,562,280,554,257,568,232,583,212,532,222,513,188,502,168,491,152,553,215,553,191,565,210,570,228,573,213,574,189,582,206,583,223,592,214,592,186,592,170,589,156
583,295,562,282,552,259,566,233,582,213,531,224,512,190,500,170,489,152,552,218,553,194,564,214,568,232,573,215,573,189,579,205,579,220,591,215,592,187,592,170,588,156
582,295,560,283,548,261,560,235,575,216,529,225,511,191,500,170,489,152,550,218,548,194,559,214,563,233,571,215,571,190,576,205,576,221,590,216,592,189,592,171,589,156
580,295,559,284,547,264,552,241,562,221,526,225,509,191,498,171,488,152,547,218,543,193,553,213,557,231,568,216,567,191,571,208,571,223,588,218,590,190,590,172,586,155
577,296,555,282,542,262,545,238,557,218,523,224,505,191,495,171,485,153,544,218,540,192,546,211,548,228,565,217,565,190,565,205,564,220,585,220,588,191,589,173,586,157
575,294,552,280,538,262,538,239,543,219,521,223,503,190,493,171,483,153,541,217,535,192,541,211,545,228,562,216,560,191,561,206,560,219,582,218,585,189,585,172,583,155
571,295,547,280,532,260,529,237,530,218,519,222,503,191,493,171,482,152,539,218,531,193,533,209,533,225,559,218,555,192,553,206,550,220,578,219,581,190,582,171,580,154
566,295,542,281,528,260,523,240,521,223,517,223,501,191,491,172,480,153,536,219,526,192,525,207,524,223,554,219,550,194,546,207,541,221,573,222,577,193,576,174,574,157
564,295,539,280,523,260,515,239,514,223,515,221,500,190,489,171,478,153,533,219,522,190,518,207,517,225,551,219,544,194,536,209,530,224,569,222,573,194,574,174,571,157
562,293,536,278,519,258,509,238,506,221,513,221,497,189,487,170,477,152,529,219,517,189,513,206,512,224,547,219,538,194,529,210,524,225,565,222,569,195,569,175,567,157
559,293,533,278,514,257,502,236,502,219,511,221,495,189,486,170,478,151,527,218,514,189,510,206,511,224,544,219,534,194,526,209,521,225,561,221,565,194,565,174,564,156
555,291,530,276,511,255,499,234,496,218,510,219,494,187,485,168,476,150,525,217,511,189,506,206,505,225,541,218,530,194,521,209,516,226,558,219,561,193,562,174,561,156
552,289,527,274,510,253,498,233,494,218,507,218,492,186,483,167,475,149,522,216,508,188,502,206,502,224,537,217,527,192,517,207,512,223,555,219,558,192,558,173,557,155
549,288,524,273,507,252,495,232,490,217,504,217,489,186,481,167,472,149,518,215,505,187,499,204,498,223,534,215,523,190,514,204,508,220,551,216,554,190,554,171,553,154
545,287,520,272,502,249,490,229,487,214,501,216,486,184,477,166,469,148,515,214,502,186,496,202,495,219,531,214,520,190,510,204,504,220,548,216,550,190,550,170,549,152
543,286,518,271,500,249,487,229,481,214,498,215,482,185,473,166,465,148,511,213,498,184,492,200,491,217,527,212,516,188,507,202,502,218,544,213,546,187,547,168,545,149
539,284,514,270,496,249,484,230,478,215,493,215,477,185,468,165,460,147,507,213,494,183,489,198,489,215,523,212,512,187,504,201,499,217,540,212,542,187,543,167,541,149
535,283,511,269,492,248,479,228,476,213,488,214,473,184,464,165,456,147,503,211,490,183,485,197,485,213,519,210,508,186,500,199,495,214,536,210,538,185,539,166,537,148
532,281,508,268,487,246,475,226,474,210,485,214,469,184,460,165,452,147,500,211,485,183,481,197,480,213,515,210,503,185,495,198,490,213,532,209,534,183,534,164,533,145
529,279,505,268,485,247,473,228,470,212,482,212,467,182,457,164,449,147,497,210,483,182,478,196,477,212,512,209,501,185,492,198,486,213,529,209,531,183,531,163,529,144
527,277,503,266,483,245,469,226,465,211,480,211,464,182,454,164,446,146,494,208,479,181,474,195,473,212,509,207,497,183,488,195,482,210,526,206,528,181,528,161,526,143
525,277,501,266,481,246,468,227,461,212,479,211,462,182,453,163,444,145,493,208,478,181,472,195,471,211,508,206,495,182,486,195,480,210,526,206,527,179,527,160,524,141
524,276,501,266,482,246,468,227,460,212,478,211,461,182,452,162,443,145,491,208,476,181,470,195,470,212,507,207,494,183,484,196,479,211,524,206,525,179,525,159,523,141
522,276,499,266,479,246,466,227,458,212,476,211,461,181,451,162,442,144,490,209,476,181,469,195,467,211,506,208,493,184,483,197,477,212,524,208,525,180,524,160,522,141
521,276,498,266,479,245,465,227,456,213,475,211,460,182,451,162,442,144,489,208,475,181,469,196,467,213,505,207,493,184,483,197,477,213,523,207,524,181,524,160,522,141
521,277,498,267,478,247,465,229,456,214,474,211,460,182,450,163,441,145,488,209,475,181,469,196,467,213,504,208,493,184,483,198,477,214,522,208,523,182,523,162,521,143
521,277,497,268,478,248,464,230,456,214,474,212,459,182,450,163,440,145,488,209,475,183,469,198,467,215,504,208,493,185,483,198,477,214,522,209,523,182,523,163,521,144
522,277,498,268,479,249,465,231,457,216,474,213,459,184,450,164,441,146,488,210,475,183,469,199,467,217,504,209,493,185,484,199,478,215,522,210,524,183,524,164,522,145
520,278,497,269,478,250,465,233,458,217,474,214,459,184,450,165,440,147,488,211,475,184,469,199,468,218,505,211,494,186,485,201,479,217,523,212,524,185,524,165,522,147
520,279,497,271,478,251,466,234,458,218,474,215,459,185,450,165,441,147,489,212,476,184,470,200,469,218,505,212,494,188,486,202,480,218,523,213,524,186,524,166,522,148
519,281,496,271,478,251,464,233,460,217,474,216,459,186,450,166,442,148,488,213,475,187,470,202,470,220,504,213,494,190,486,204,481,220,522,214,524,188,524,168,522,150
520,281,497,272,479,254,466,236,459,221,473,217,459,188,450,168,440,150,488,215,475,188,470,204,468,221,504,214,493,190,485,204,479,220,522,215,524,189,524,170,523,151
518,283,495,273,476,254,463,236,461,220,473,218,458,188,449,169,440,151,488,216,474,189,469,206,469,224,504,216,493,192,485,206,480,222,521,217,523,191,523,171,521,153
518,285,496,274,478,256,465,239,458,225,473,220,458,190,449,171,440,152,487,218,474,191,469,208,467,226,503,217,492,194,484,208,479,224,520,219,522,192,523,173,521,155
517,285,494,275,476,256,464,239,458,224,471,221,457,191,448,172,439,154,486,218,472,192,468,208,467,227,502,218,491,194,484,209,479,225,519,219,521,193,521,175,520,157
515,287,493,276,475,258,462,241,457,226,470,221,456,192,448,173,438,155,485,219,473,193,468,210,467,228,501,219,491,196,483,211,478,227,519,221,520,195,521,176,519,158
515,289,492,278,475,260,462,243,455,229,470,223,455,194,446,175,437,157,484,221,471,195,466,212,465,230,500,221,489,199,481,213,475,229,517,223,519,197,519,177,517,159
512,289,490,279,473,260,461,243,455,230,468,224,454,195,446,176,437,158,482,222,469,196,465,213,464,232,498,223,487,200,479,215,475,231,515,225,517,199,517,180,515,162
511,290,489,280,472,262,460,246,453,232,467,226,453,197,445,178,435,160,481,224,468,198,464,215,462,233,497,224,487,201,478,216,473,232,514,226,516,200,516,182,514,164
510,292,488,281,472,264,459,248,452,234,466,228,452,198,443,179,434,162,480,226,467,200,463,218,462,236,495,226,485,204,477,219,473,234,512,228,515,203,514,184,512,166
509,294,487,283,470,265,457,249,451,235,465,229,451,200,442,181,433,164,479,227,467,202,462,219,460,236,494,228,484,205,476,220,471,236,511,230,513,204,513,186,511,168
507,295,486,284,469,266,456,250,450,236,464,230,451,201,442,182,433,165,478,228,465,203,461,220,460,238,493,229,483,207,475,221,471,237,510,231,512,205,512,187,511,170
508,295,486,284,470,268,457,252,450,239,463,232,450,202,441,183,432,165,477,230,465,204,461,221,460,238,493,230,483,207,475,222,470,237,509,232,512,207,512,189,511,172
507,295,486,285,469,269,457,254,452,241,462,232,449,203,440,184,431,166,476,230,464,205,460,222,460,240,492,230,483,208,475,222,470,237,509,232,512,207,512,189,511,172
506,295,485,284,469,268,457,253,452,240,462,232,449,203,441,184,432,167,477,230,464,205,460,222,460,240,493,231,483,209,475,223,470,238,509,233,512,208,512,190,511,173
506,295,485,285,468,269,456,254,452,240,463,232,449,203,441,184,432,167,477,230,465,205,461,222,460,240,493,230,483,208,476,222,471,238,510,233,512,208,513,190,512,173
507,294,486,285,470,269,459,255,454,242,462,232,449,203,441,184,432,166,477,230,465,205,461,223,460,240,493,231,484,209,476,223,471,237,510,233,512,208,513,190,512,173
507,295,486,285,470,269,458,255,453,242,463,232,450,203,441,185,432,167,478,230,466,205,462,222,461,240,494,231,485,209,477,223,472,237,510,234,513,208,513,190,511,173
507,294,487,285,470,269,458,253,453,240,463,231,449,203,441,184,432,167,477,229,465,205,462,222,461,240,493,230,484,208,477,223,472,237,510,233,512,208,513,190,512,173
507,295,486,285,469,269,457,254,456,241,462,232,449,203,441,185,432,167,477,230,465,205,462,223,461,241,493,230,484,208,477,223,473,238,510,233,513,208,513,190,512,173
507,296,486,285,469,270,458,254,454,242,463,233,449,203,440,185,431,168,477,231,465,206,462,224,461,242,493,231,484,209,477,224,472,239,509,234,512,209,513,191,511,173
506,295,485,285,469,269,457,254,453,240,463,232,449,203,440,185,432,168,477,230,465,205,462,223,461,241,493,231,483,209,476,224,472,239,509,233,512,209,512,191,510,174
506,296,485,285,470,270,459,255,456,243,462,234,449,204,440,186,431,169,477,232,465,207,461,225,460,242,493,233,485,210,477,224,473,239,510,235,512,210,512,192,511,174
506,296,485,286,469,270,458,255,455,242,462,234,448,204,440,186,431,169,476,231,464,207,462,224,462,242,492,231,483,209,477,224,472,239,509,233,511,209,511,191,510,174
506,296,485,286,470,270,459,255,456,242,461,233,448,205,439,187,430,170,476,231,465,207,462,225,462,242,492,231,483,210,477,225,473,239,509,234,511,209,512,192,510,175
506,296,486,286,469,271,459,255,456,241,461,234,447,205,439,187,430,170,476,232,464,208,462,226,461,243,492,232,483,210,477,225,472,239,508,233,511,209,511,191,509,175
505,297,484,286,469,270,459,255,458,241,461,234,448,206,439,188,430,171,476,231,464,208,462,225,462,243,492,231,483,210,477,224,473,239,508,233,510,209,510,192,509,175
504,297,483,285,468,270,458,253,457,239,461,234,448,206,439,188,431,172,476,232,465,208,463,226,463,243,491,232,483,210,478,225,474,240,507,234,509,211,509,194,507,177
504,298,483,286,469,271,461,256,461,243,461,235,447,208,439,191,430,174,475,232,464,209,463,227,463,244,491,232,482,211,477,225,474,240,507,234,509,211,509,194,508,178
502,297,482,285,468,270,462,254,463,240,460,236,447,208,439,191,431,175,474,233,463,209,463,227,463,244,490,233,482,211,477,227,474,241,505,235,507,212,508,196,506,180
501,297,480,284,467,268,462,250,464,235,458,236,445,210,437,193,429,176,473,233,463,211,464,228,464,244,488,233,482,212,478,228,475,242,504,235,506,212,506,196,503,181
499,297,479,284,466,268,462,250,465,235,458,236,445,210,438,194,431,177,473,233,464,211,465,228,465,243,488,234,482,213,478,228,475,242,503,236,506,214,505,198,503,183
498,298,478,284,465,267,461,249,466,234,457,237,445,212,438,195,432,179,472,234,464,214,465,230,466,245,487,234,481,214,478,229,476,243,502,237,504,215,505,199,503,184
496,298,477,284,465,268,461,249,464,235,457,236,445,211,439,195,433,179,472,234,465,214,466,231,467,246,487,235,482,215,479,230,477,243,502,238,504,217,505,201,503,186
495,297,477,284,466,268,463,251,466,237,457,237,445,213,438,197,432,181,471,235,466,215,467,232,468,246,486,236,484,216,481,230,478,243,501,239,505,217,505,202,503,189
494,297,476,284,466,268,464,251,467,237,457,237,446,213,440,198,434,182,472,235,468,217,470,234,470,247,487,237,485,218,483,232,480,244,501,240,505,219,506,205,505,190
493,297,477,283,467,267,464,250,466,237,459,238,448,214,442,199,437,183,473,236,468,218,470,234,469,247,487,237,486,218,483,232,480,243,502,240,506,220,507,206,506,193
493,297,477,284,467,268,465,251,467,238,459,239,449,215,444,200,439,184,473,237,470,220,471,235,471,248,488,238,487,221,485,234,482,245,502,242,506,222,507,208,506,195
493,297,477,285,467,269,465,253,467,240,459,239,450,216,446,200,441,185,474,238,471,221,472,236,472,249,488,239,488,222,486,235,483,245,503,243,507,223,509,209,508,196
492,297,477,283,468,268,467,252,469,240,461,240,452,217,448,201,444,186,475,239,472,222,474,237,473,250,489,240,489,223,487,235,484,246,503,244,508,224,510,211,510,198
491,297,477,284,469,270,467,255,468,243,462,241,453,217,449,201,445,186,476,240,472,223,473,237,473,249,490,241,489,224,487,236,483,246,503,245,508,225,510,212,510,199
490,296,476,284,468,270,467,256,472,245,461,241,453,217,450,202,447,187,475,240,473,224,474,238,473,250,489,242,489,226,488,237,484,247,503,246,508,227,510,213,510,201
489,297,475,285,467,271,467,256,471,244,462,241,455,217,452,202,448,187,476,240,474,223,475,236,474,248,489,242,490,226,488,237,484,247,502,246,508,227,510,214,510,202
488,297,474,283,466,269,466,255,471,243,462,241,455,218,452,203,449,188,476,241,474,224,474,237,472,249,489,243,490,226,487,238,483,247,502,248,508,229,510,216,511,204
486,298,472,283,466,269,467,254,473,243,462,242,455,218,453,204,450,189,476,242,474,225,474,238,473,249,489,245,490,227,487,238,482,248,502,249,508,230,510,217,511,206
486,297,473,283,466,270,466,255,472,243,462,241,456,218,453,203,450,189,476,242,475,225,475,239,474,250,489,244,490,227,487,238,483,248,502,249,508,230,510,218,510,206
485,298,472,283,465,269,467,254,474,242,462,242,456,218,454,204,451,190,475,242,475,225,475,239,474,250,488,244,490,227,487,237,483,247,501,249,507,231,509,218,510,207
485,298,471,283,464,268,467,253,474,240,461,243,456,219,454,205,453,191,475,243,474,227,474,240,473,251,487,246,489,228,486,238,483,248,500,250,506,232,509,220,510,209
482,299,469,284,464,269,467,254,474,241,461,244,456,220,454,206,453,192,474,244,474,226,475,238,473,249,487,247,489,229,487,239,483,248,499,251,505,234,509,222,510,211
481,298,469,285,463,270,467,254,473,241,459,244,455,220,453,206,451,193,472,244,473,227,474,239,473,250,485,247,488,230,486,240,483,249,498,252,503,234,506,223,507,212
478,299,466,285,462,271,465,256,472,244,459,245,455,221,453,207,452,194,472,245,473,228,473,240,472,251,485,248,487,230,485,239,482,248,497,252,503,235,506,223,508,213
477,298,466,285,461,271,465,257,472,245,457,245,453,222,452,208,450,195,470,245,471,229,471,241,469,252,483,248,486,232,484,241,481,249,495,253,501,236,505,225,506,215
475,300,464,285,459,272,463,258,471,247,457,246,453,223,452,209,452,196,469,247,471,230,472,241,471,252,482,250,485,233,483,243,480,252,494,255,500,238,503,227,505,217
473,301,462,286,458,272,463,258,471,247,455,247,452,224,451,210,451,197,468,248,470,231,470,242,469,252,480,251,483,234,482,243,478,251,492,256,498,239,501,228,502,219
471,302,460,287,456,274,461,260,469,248,454,248,451,225,451,211,451,198,467,249,469,232,469,242,468,252,479,252,482,236,480,244,477,253,490,257,497,241,500,230,501,221
469,301,459,287,456,273,461,260,470,249,453,247,451,225,451,211,450,198,466,248,469,232,469,243,467,253,478,252,482,236,479,244,476,253,489,257,495,242,498,231,500,222
467,301,458,286,455,274,460,261,469,251,453,248,450,225,450,212,450,199,465,248,468,232,468,243,466,254,476,252,481,236,479,245,475,254,487,258,494,242,498,232,499,223
465,301,456,286,454,272,460,259,470,250,452,248,450,225,450,212,449,199,464,249,468,232,468,244,466,255,476,252,481,236,479,244,476,253,486,258,493,243,497,232,498,223
464,299,455,286,453,272,459,258,468,249,451,247,450,224,449,211,449,198,464,248,468,230,467,242,465,253,475,251,480,234,477,243,473,252,486,257,492,242,496,231,497,221
463,298,454,284,452,271,459,258,468,249,450,246,449,224,449,210,448,198,462,247,467,230,467,242,465,253,474,251,479,235,477,243,474,251,484,258,491,242,495,232,496,222
462,298,453,284,451,270,458,258,467,249,449,246,448,223,448,210,448,198,461,247,465,231,465,242,463,253,472,251,478,235,476,242,473,250,483,257,490,241,494,231,496,221
460,298,451,284,450,269,458,257,466,248,449,246,447,224,448,210,447,198,460,247,465,230,464,241,463,252,471,251,477,234,475,242,472,250,482,257,489,242,492,231,495,221
459,298,451,283,450,269,457,256,467,247,448,246,446,223,446,210,446,197,460,247,464,229,464,241,462,252,471,250,476,233,474,242,471,250,481,256,488,240,492,230,494,220
458,297,449,283,448,269,456,256,465,248,447,246,446,223,446,210,446,198,459,247,463,230,463,241,461,252,470,251,475,234,473,242,470,250,480,256,487,241,491,230,493,221
457,298,449,283,448,269,455,256,464,248,447,246,445,224,445,211,445,198,459,248,462,230,462,241,460,251,469,251,474,234,472,242,468,250,480,257,487,241,491,230,493,220
456,297,448,283,447,269,455,256,464,249,446,246,445,224,445,211,444,198,458,247,461,229,461,241,460,252,469,250,474,234,472,241,468,249,479,256,486,241,490,230,492,220
455,297,447,283,446,269,454,257,464,250,446,246,444,224,444,211,444,199,457,247,461,230,460,242,458,253,468,251,473,234,471,242,467,250,479,257,485,242,490,231,492,221
455,297,447,284,446,270,453,257,462,249,445,248,443,225,443,212,443,199,457,249,460,231,460,242,458,252,467,252,472,236,471,241,468,248,478,257,484,242,487,232,489,222
454,298,446,284,445,270,454,258,464,251,445,248,444,226,444,213,444,200,457,249,459,233,459,243,457,253,467,252,472,236,469,242,466,249,477,258,484,243,488,233,490,223
453,298,445,284,445,270,453,258,463,250,445,248,443,226,444,213,444,201,456,249,459,233,459,244,457,254,467,253,472,237,469,243,466,250,477,258,484,244,488,234,490,224
453,299,446,285,445,271,453,258,463,251,446,249,445,227,445,214,446,201,457,251,460,234,459,244,457,254,467,254,472,238,469,244,466,251,477,260,484,245,488,234,491,224
453,298,446,285,445,271,454,258,464,251,446,248,446,227,447,214,447,202,458,250,461,233,460,244,458,254,468,254,473,238,471,244,467,252,478,260,485,245,490,235,492,226
454,299,446,285,446,271,453,258,462,251,447,249,447,228,448,215,449,203,458,251,462,234,460,244,458,253,469,255,474,239,471,245,467,252,478,261,486,247,490,237,493,227
454,299,447,285,447,270,456,258,465,250,449,249,449,228,450,215,451,203,460,251,464,235,463,244,460,253,470,256,476,240,473,246,469,252,480,262,487,248,492,238,495,229
454,299,448,284,449,268,458,256,468,249,451,249,452,228,453,215,454,203,462,252,466,236,465,244,462,253,472,256,478,242,475,246,471,252,482,263,489,249,494,240,498,231
456,298,450,283,450,268,459,256,469,249,454,248,455,228,457,215,458,204,465,251,470,237,467,246,464,255,475,256,481,243,476,249,472,255,484,263,492,251,498,242,501,234
457,298,450,283,452,267,461,255,470,247,457,248,460,228,463,217,466,206,468,252,475,238,473,245,469,253,477,258,485,244,481,248,476,254,486,265,496,254,502,246,507,238
458,299,451,284,453,268,462,255,473,248,461,249,465,230,468,218,472,208,471,254,479,239,476,245,472,252,480,260,489,246,484,249,479,254,488,267,499,257,506,249,511,241
460,300,453,284,455,268,465,257,476,250,464,250,469,232,474,220,478,210,474,256,483,242,479,246,475,253,483,262,492,249,487,252,481,256,491,270,502,261,510,253,516,246
461,301,455,285,459,269,468,258,479,251,467,252,473,233,477,222,482,211,477,257,487,243,484,248,479,254,486,264,495,251,490,254,484,258,493,272,505,263,513,256,520,249
464,302,457,285,461,269,471,258,482,251,471,252,477,234,482,223,487,213,481,258,491,244,488,247,484,253,489,265,498,253,492,254,486,258,495,273,508,265,516,258,524,251
466,302,459,286,463,269,474,258,486,251,474,253,480,235,486,224,492,214,484,259,494,245,491,248,486,254,492,266,501,254,495,254,488,258,499,274,512,266,521,260,529,253
467,303,461,287,466,271,476,260,486,252,478,254,485,237,491,226,497,217,488,261,498,246,494,249,489,254,495,268,505,255,498,256,491,259,501,276,515,269,524,263,533,256
468,304,463,288,468,272,478,260,489,253,482,256,489,239,496,228,502,218,490,263,501,249,496,251,490,255,497,270,507,258,500,258,492,261,503,279,517,271,527,265,535,258
469,304,463,288,469,272,480,262,490,254,484,256,492,239,498,229,505,219,493,263,503,250,499,251,494,255,499,271,509,259,502,259,494,261,505,280,518,273,528,267,537,260
470,305,464,288,470,272,481,262,491,256,486,256,494,240,501,230,508,220,494,263,504,250,499,252,493,257,501,272,511,260,503,259,495,261,507,281,520,273,530,267,539,262
470,305,464,288,471,273,481,263,489,256,488,257,496,241,503,230,510,220,496,265,506,251,501,252,494,255,502,273,512,261,504,259,495,261,507,283,521,275,531,269,540,262
471,306,465,289,471,274,481,263,489,256,489,258,499,241,506,231,513,221,497,265,509,252,501,253,494,258,503,274,514,261,505,260,496,262,508,283,523,276,534,270,542,264
471,306,466,289,472,273,482,263,490,256,491,258,501,241,509,231,517,221,498,266,510,252,502,254,494,258,504,274,515,262,506,261,496,263,509,284,525,277,536,272,545,266
471,306,466,288,473,273,483,263,490,256,492,258,503,242,511,231,519,221,499,266,510,252,502,254,493,258,505,275,515,263,506,262,496,263,510,285,526,278,537,273,546,268
472,306,467,289,474,273,483,263,490,256,493,258,505,242,513,232,521,222,500,267,511,254,502,255,493,259,505,276,516,265,506,263,496,264,509,286,526,281,537,275,547,269
472,307,466,290,474,274,483,263,489,255,494,259,506,243,515,232,523,222,500,267,512,253,502,254,492,259,505,277,516,264,505,263,494,265,509,287,526,281,538,276,549,270
471,306,467,288,475,273,484,262,490,256,494,259,507,242,516,231,524,221,500,267,512,253,501,254,492,258,505,277,515,265,504,263,493,265,509,287,526,282,538,276,549,271
472,306,467,289,475,272,484,262,491,257,495,259,508,242,517,232,526,221,501,267,513,253,502,254,492,259,505,277,515,265,503,264,493,265,509,288,526,282,538,277,550,272
471,307,467,290,473,274,482,264,489,261,494,259,508,242,517,232,526,221,500,268,512,253,501,255,491,259,505,278,515,265,504,264,493,266,510,288,527,282,539,278,550,273
471,307,467,289,474,274,482,264,489,260,495,259,510,243,519,232,527,222,501,268,513,254,501,256,490,260,505,279,516,266,504,265,493,266,509,289,526,283,538,279,550,274
471,307,466,289,474,273,484,264,492,261,495,259,510,243,519,232,528,222,501,268,513,254,501,256,491,260,506,279,516,266,504,266,493,267,510,289,527,284,539,279,551,274
470,306,466,289,474,273,484,264,491,262,495,259,510,243,519,232,529,222,501,269,513,254,501,256,490,261,505,279,515,267,503,267,493,268,509,289,526,284,538,280,551,275
470,307,466,290,473,274,482,265,489,262,494,259,510,242,519,232,529,222,500,268,512,254,499,256,489,261,505,279,515,267,503,266,492,268,508,289,526,284,538,280,551,275
469,307,466,289,473,274,482,265,490,262,493,259,509,242,518,231,528,221,500,268,512,254,500,256,490,261,504,278,515,266,503,266,492,268,508,289,526,284,538,280,550,275
468,306,465,288,472,273,483,264,490,262,493,258,508,241,518,231,527,220,500,267,512,253,500,256,489,261,504,277,514,266,502,267,491,269,508,288,525,282,538,278,550,273
467,304,464,287,471,272,481,264,489,262,492,256,507,239,516,229,526,219,498,265,509,251,498,255,488,260,503,276,513,264,501,265,491,266,507,286,525,281,537,276,549,271
466,304,464,286,471,271,483,263,492,262,490,254,505,237,514,227,523,217,497,263,508,250,498,254,489,259,503,273,512,263,500,265,490,267,508,284,524,278,536,274,548,268
466,303,463,285,470,271,481,264,492,262,489,252,502,235,512,225,521,216,497,261,509,248,499,254,490,260,503,271,514,261,503,264,493,267,507,282,524,276,536,271,547,266
466,301,463,284,470,269,484,263,496,260,488,251,501,234,511,224,520,215,496,260,507,247,497,255,488,261,502,270,514,259,504,263,494,266,507,281,523,275,535,270,546,265
465,300,464,283,472,270,486,264,499,261,486,250,499,232,508,222,517,212,495,258,507,248,498,255,490,262,502,268,515,259,506,264,498,267,507,279,523,273,534,268,544,262
464,299,463,284,472,271,488,265,499,264,485,249,498,231,507,221,515,210,494,258,507,248,498,256,490,263,502,268,515,259,506,265,497,268,507,279,522,272,532,266,540,259
465,300,464,284,473,271,488,265,501,264,485,248,498,231,506,220,513,210,494,257,506,249,497,259,489,266,502,268,514,260,504,267,495,271,507,279,522,271,531,265,538,258
464,300,463,285,472,272,488,266,501,265,485,249,498,231,506,221,514,212,494,257,505,249,496,259,487,265,501,268,513,260,503,267,494,271,507,279,522,272,531,266,539,260
465,300,463,285,472,272,488,267,501,266,485,249,498,231,506,221,514,211,494,257,506,249,497,259,488,265,502,268,513,261,503,268,493,272,507,279,522,272,531,267,539,260
464,301,463,286,472,273,488,267,502,266,485,249,498,232,506,222,514,212,494,258,505,249,497,259,488,266,502,268,513,261,503,268,494,272,507,279,522,272,531,267,539,260
464,300,463,286,472,272,489,267,502,267,485,249,498,231,506,221,514,212,495,258,505,250,496,260,487,267,502,268,513,261,503,268,493,272,507,279,522,272,531,267,539,261
465,301,463,286,472,273,488,267,501,266,485,249,497,231,506,221,513,211,495,257,506,249,497,259,489,266,502,268,514,260,504,268,495,273,507,279,522,272,531,267,539,260
464,301,463,286,471,273,487,268,501,267,484,250,497,232,506,222,514,212,494,258,505,249,496,259,488,266,501,268,512,261,502,268,493,272,506,279,521,272,530,267,538,260
464,301,462,286,471,273,488,268,501,267,484,249,497,232,506,222,513,212,494,258,505,250,496,260,487,267,501,268,513,261,502,269,493,273,506,279,521,272,530,267,538,260
464,302,462,287,471,273,487,268,500,267,484,250,496,232,505,222,513,212,493,259,504,249,496,259,487,265,501,269,512,261,502,268,493,272,506,279,521,272,530,267,538,260
463,301,462,287,471,273,487,268,500,266,483,250,496,232,504,222,512,212,493,258,504,249,495,259,487,266,500,268,511,261,501,268,492,273,505,279,520,272,529,267,537,260
464,302,461,287,470,274,486,268,499,267,483,250,496,233,505,223,512,213,493,259,504,251,495,261,486,267,500,269,512,262,502,269,493,273,506,279,520,272,530,267,537,261
463,302,461,287,470,274,486,269,498,269,483,251,495,233,504,223,511,213,492,260,503,250,494,260,486,267,499,270,510,262,500,269,491,273,505,281,520,274,529,268,537,261
462,302,460,288,469,274,484,269,496,269,483,251,496,234,504,224,512,214,492,260,503,251,494,261,485,267,499,270,511,263,500,270,491,274,504,281,520,274,530,269,538,262
462,302,460,288,469,274,484,270,496,269,482,252,495,235,504,224,512,214,492,261,503,252,494,262,485,268,499,271,511,264,500,271,491,274,504,282,520,275,529,269,537,262
462,302,460,288,469,275,483,270,495,270,482,252,495,235,504,224,511,214,492,261,503,252,494,262,486,268,499,271,510,264,500,271,491,275,504,282,519,275,529,270,538,263
462,303,460,289,469,276,484,271,497,270,482,253,495,235,503,224,511,214,492,261,503,252,494,261,486,268,499,271,511,263,501,270,492,274,504,282,519,274,529,269,537,262
463,304,461,290,470,276,487,272,501,272,481,252,494,235,502,224,509,214,491,261,502,251,494,261,486,268,499,270,510,263,501,270,492,274,504,281,519,273,528,267,535,260
464,305,462,291,471,278,489,274,504,274,481,254,494,235,502,224,508,214,491,262,503,254,496,265,488,272,499,271,509,265,500,274,492,278,505,280,519,271,527,266,533,259
464,307,463,293,474,279,492,275,507,274,479,256,492,235,501,224,507,213,489,264,504,254,500,265,493,273,497,272,510,264,503,273,495,279,504,280,517,270,526,264,531,257
465,308,466,296,478,283,496,279,511,277,480,258,493,237,501,225,508,215,490,265,507,257,505,268,498,276,497,271,511,263,509,272,502,278,503,278,515,268,523,262,528,256
464,309,469,297,482,285,500,281,515,278,480,260,492,239,501,226,508,216,488,265,510,259,513,271,509,280,495,271,511,262,517,264,516,268,501,277,512,267,520,262,524,259
464,308,472,300,487,289,503,283,519,278,479,261,495,242,506,230,514,220,486,265,511,260,517,271,514,279,492,270,509,262,516,265,516,268,498,275,508,268,514,267,516,266
463,306,474,301,489,293,506,288,522,283,482,262,498,245,508,234,516,224,486,264,511,259,519,269,519,278,490,266,508,259,515,264,516,269,494,270,505,262,511,259,515,258
463,304,477,302,492,296,510,291,525,286,484,265,501,249,511,238,519,228,486,263,512,260,522,271,525,279,488,264,509,260,515,269,515,276,491,267,501,254,507,248,510,243
464,305,477,304,493,298,511,294,527,289,483,267,503,251,515,240,524,233,486,267,512,262,524,271,529,280,488,270,508,264,517,273,518,281,491,273,504,267,511,270,513,274
463,305,479,305,495,298,513,294,529,289,483,268,504,254,517,247,526,241,484,266,513,263,526,272,531,279,485,267,504,257,514,253,517,251,488,271,499,261,505,257,508,254
464,303,479,306,496,299,514,294,531,290,484,270,508,258,523,255,532,253,484,265,514,263,527,272,530,279,485,265,504,255,514,252,517,249,487,268,498,256,503,251,505,246
466,301,480,304,498,299,515,294,531,291,487,269,508,260,521,256,529,253,486,265,513,261,528,265,536,268,487,264,508,260,514,265,515,270,488,266,499,256,503,254,504,253
466,297,482,303,500,298,517,294,532,291,490,270,511,259,527,252,538,245,488,263,515,266,522,278,521,285,487,261,509,262,513,272,510,278,487,261,499,251,504,246,506,240
467,294,483,301,500,297,518,292,532,290,490,268,512,258,528,251,539,245,489,261,516,264,524,276,525,284,488,259,510,261,514,272,512,278,489,260,501,251,505,246,506,240
466,292,483,300,502,296,519,291,532,288,490,269,512,258,528,251,540,245,488,261,515,261,525,272,528,279,487,258,509,257,515,268,514,275,487,257,501,246,506,241,507,235
467,291,483,299,501,294,518,290,532,287,491,266,512,255,527,247,537,239,489,259,516,260,526,271,530,278,488,256,508,256,513,265,511,272,487,256,500,247,505,244,506,241
466,288,482,297,500,293,518,288,532,286,491,267,514,260,529,256,539,253,488,259,514,256,527,259,535,260,488,255,509,255,511,266,509,273,488,254,500,243,503,237,504,230
467,288,483,297,502,292,519,287,532,283,491,265,512,255,528,249,539,243,488,257,515,257,528,265,534,271,487,253,509,253,513,263,512,270,487,252,501,243,505,240,505,236
467,287,483,295,501,291,518,285,533,282,488,265,511,257,527,252,539,247,487,256,515,255,527,266,531,273,487,252,510,250,516,261,516,268,488,251,500,238,506,231,509,224
465,288,481,295,500,291,518,284,532,279,488,265,512,256,527,253,537,250,485,256,513,255,526,262,531,266,485,252,509,251,514,262,513,269,486,251,497,236,502,228,504,219
464,289,481,295,500,291,517,284,532,279,487,264,512,258,526,259,535,259,485,255,512,253,525,260,531,264,484,251,507,249,514,258,514,265,485,250,496,236,500,228,502,220
463,290,480,295,499,290,517,283,531,279,486,264,510,257,525,257,534,255,483,256,511,253,523,261,529,265,484,252,508,249,514,260,516,266,485,250,495,234,499,226,502,217
461,292,479,297,499,292,517,283,531,278,484,266,509,259,524,259,533,258,482,257,511,253,524,261,530,266,482,253,506,247,515,257,517,264,484,251,494,235,499,226,502,218
460,292,478,297,498,292,516,283,530,278,487,265,513,259,527,260,536,260,484,256,513,255,523,264,525,269,483,252,507,247,516,257,518,264,484,251,494,234,500,226,503,217
459,292,477,297,498,293,516,285,531,281,486,266,512,260,527,261,537,261,484,257,513,255,524,264,529,269,483,252,507,249,517,258,522,265,484,251,495,235,501,227,505,219
459,292,476,298,496,294,515,286,530,282,486,266,513,261,528,262,538,261,484,257,514,257,524,267,526,272,484,253,509,250,518,260,522,267,485,251,496,235,503,227,507,219
459,293,476,298,496,294,515,287,530,284,486,265,513,261,529,263,539,262,484,257,515,258,522,269,523,275,485,253,510,251,518,262,520,268,486,252,498,236,504,228,508,220
458,292,476,298,497,294,516,287,531,285,487,266,514,263,530,266,540,265,486,257,516,259,524,270,525,275,486,253,512,252,518,262,520,268,488,252,499,236,505,228,509,220
457,292,475,298,496,296,515,289,531,286,487,267,515,265,529,269,538,270,485,258,515,258,525,267,528,272,485,253,510,251,518,261,521,268,485,252,498,236,505,227,510,220
458,293,476,299,496,296,515,289,531,286,487,267,514,264,528,267,538,266,485,258,515,258,524,268,526,273,486,253,510,250,518,260,521,267,486,251,499,235,506,227,511,219
457,293,475,299,496,295,516,288,531,286,486,267,513,265,528,268,538,267,485,258,516,258,523,269,524,275,486,253,510,251,517,262,519,269,487,251,498,234,505,226,510,218
458,292,476,297,496,294,516,287,531,284,487,269,514,266,528,269,537,269,486,259,516,256,521,267,519,273,486,254,511,249,516,260,516,266,487,251,498,234,504,225,509,216
459,294,477,297,498,293,516,285,530,281,485,269,510,267,524,269,534,269,484,259,512,256,521,264,523,270,485,254,508,249,515,259,517,265,485,251,495,234,502,225,507,216
460,295,483,293,502,287,517,280,527,274,488,267,509,265,521,268,529,271,484,260,506,255,519,260,525,265,482,257,502,248,515,252,523,256,480,257,489,237,495,227,500,218
462,293,482,293,501,288,517,280,531,277,482,268,506,266,520,269,528,270,480,258,506,254,519,261,525,266,480,253,502,246,515,253,521,257,481,251,490,235,497,226,502,217
464,292,483,294,501,288,517,279,530,276,479,265,504,263,518,266,526,266,477,256,506,252,514,261,514,266,478,251,504,246,510,256,510,262,480,249,489,233,494,223,496,214
464,291,484,291,502,286,517,278,530,275,483,265,507,264,520,267,527,269,479,256,507,253,513,263,511,270,478,252,503,247,508,258,506,265,479,250,488,233,492,222,494,213
466,292,487,289,504,283,517,275,527,272,487,259,508,261,519,267,523,271,481,253,505,253,510,262,508,270,478,252,499,250,503,261,501,269,476,253,484,237,488,225,489,214
469,292,489,288,504,280,516,274,525,270,485,257,502,254,512,254,519,254,478,252,501,249,512,255,518,260,474,253,495,253,503,260,504,266,472,258,485,251,490,248,490,244
470,286,484,287,497,281,511,275,525,269,475,261,496,260,512,262,524,263,473,254,496,252,509,258,517,262,475,252,498,252,504,262,503,267,478,253,495,254,498,260,496,264
473,282,482,287,494,281,506,273,520,264,472,267,487,261,504,258,517,256,473,258,494,255,511,257,522,259,478,253,501,252,510,259,513,264,484,252,501,253,505,260,506,264
473,282,482,287,494,281,506,273,520,264,472,267,487,261,504,258,517,256,473,258,494,255,511,257,522,259,478,253,501,252,510,259,513,264,484,252,501,253,505,260,506,264
464,279,479,285,496,282,511,274,523,267,489,255,500,249,508,248,513,247,487,247,506,248,514,257,516,265,485,243,501,247,501,258,498,265,483,242,492,235,493,233,491,229
470,284,483,285,497,278,509,271,518,266,486,253,491,243,494,240,499,237,484,247,495,242,506,250,515,257,482,246,490,245,494,254,496,260,479,249,487,244,489,247,488,248
471,283,482,281,493,274,505,268,514,264,484,253,494,249,504,252,511,255,483,249,495,247,507,252,515,258,483,249,493,248,495,256,494,263,480,252,488,246,490,247,490,248
471,280,483,278,495,272,506,267,514,263,489,258,499,254,507,256,514,258,485,253,493,248,501,251,506,254,480,250,487,244,492,247,496,250,474,249,475,239,477,231,480,224
471,280,483,278,495,272,506,267,514,263,489,258,499,254,507,256,514,258,485,253,493,248,501,251,506,254,480,250,487,244,492,247,496,250,474,249,475,239,477,231,480,224
475,281,489,276,499,266,507,258,513,255,491,244,496,224,499,215,501,208,483,243,495,235,502,247,506,255,477,246,485,237,495,245,501,252,470,250,469,234,470,225,472,217
474,283,487,279,497,270,506,261,512,256,486,249,491,231,495,220,499,208,480,248,494,237,504,250,508,259,475,249,485,238,497,246,504,252,471,251,469,234,471,223,472,212
480,284,475,283,482,275,497,266,506,258,469,256,466,239,465,226,465,211,478,252,489,239,499,249,503,259,489,250,497,238,506,246,509,253,498,249,499,232,503,221,504,211
482,281,476,282,477,277,490,269,502,263,469,253,466,236,467,223,469,211,480,249,488,238,497,249,500,261,491,248,498,238,505,248,507,257,500,248,506,233,511,223,513,214
488,281,479,283,479,277,491,270,505,264,471,253,467,235,469,222,470,211,482,249,490,240,497,250,499,262,494,249,501,239,506,249,507,257,504,249,510,234,515,224,517,214
487,280,479,281,477,275,490,270,503,265,473,251,469,235,469,222,471,210,484,247,491,240,498,252,501,263,495,248,502,240,507,251,507,259,505,248,512,234,517,225,520,215
487,277,479,279,476,274,490,270,504,265,474,249,470,234,471,221,473,209,486,246,491,240,497,253,498,266,497,246,504,239,507,251,507,260,507,247,515,233,521,225,523,215
490,275,480,277,476,272,489,268,502,264,476,249,472,234,472,221,473,209,487,245,492,240,496,252,496,265,499,246,505,239,507,251,506,261,509,247,517,233,523,225,526,216
491,274,481,276,476,271,487,269,500,264,477,246,473,231,473,218,474,207,489,244,492,238,496,252,496,264,500,245,506,238,506,252,505,262,511,246,519,232,525,225,528,216
491,272,480,270,476,264,485,264,493,262,478,244,473,227,473,215,474,205,490,243,493,238,495,252,495,264,502,245,506,239,506,252,504,263,513,247,521,233,527,225,531,216
493,271,481,270,476,266,484,266,494,263,478,243,474,225,474,212,475,200,491,242,492,237,495,252,494,263,503,245,506,239,506,253,504,263,514,247,523,233,528,226,532,218
493,274,481,271,476,265,484,264,495,261,479,242,476,222,475,209,476,198,492,241,494,237,495,253,493,264,504,245,507,239,505,253,502,263,515,248,524,234,530,226,533,217
492,275,480,272,476,265,482,262,492,258,480,241,478,221,478,208,478,196,493,242,495,237,494,251,491,262,505,246,508,239,504,252,500,260,515,251,525,236,530,228,534,218
491,277,480,273,476,265,481,261,491,256,480,241,479,221,479,207,480,195,493,243,495,235,493,249,491,258,504,248,508,239,504,250,500,257,515,252,526,238,531,230,534,220
490,281,479,275,476,266,481,261,490,256,480,241,479,221,481,207,482,195,493,243,496,233,493,247,489,257,505,249,509,239,504,250,499,258,516,254,527,239,533,231,536,221
490,286,479,280,476,270,479,261,487,255,480,242,480,222,483,207,484,193,493,245,497,234,493,246,489,256,506,250,511,240,506,250,500,258,517,256,528,240,534,231,538,221
490,290,479,282,476,270,478,259,485,253,482,242,483,221,485,206,486,192,495,245,497,234,493,246,489,256,506,251,510,241,504,250,498,257,518,258,528,242,535,232,540,222
488,292,478,281,476,267,479,256,485,250,482,241,484,220,486,206,488,192,495,245,497,234,492,247,487,258,506,252,511,241,504,250,497,258,518,258,529,243,536,232,541,222
486,294,477,280,475,267,478,256,484,251,482,242,484,220,486,206,488,192,494,247,496,234,490,246,485,256,505,253,509,242,501,250,494,257,516,260,527,245,534,235,539,224
487,295,478,281,474,268,476,256,483,250,482,243,484,220,486,206,487,192,494,247,495,232,489,244,483,255,504,253,507,241,499,250,492,257,515,260,526,245,533,235,539,225
485,295,476,281,473,267,475,256,482,251,482,243,484,220,485,206,487,192,493,247,494,233,488,244,482,255,504,254,506,242,498,250,490,258,514,261,525,247,532,236,537,225
484,295,476,280,472,265,475,254,483,251,481,243,483,220,484,206,486,192,492,247,493,232,487,244,481,255,503,254,505,241,497,250,490,257,513,261,524,246,531,235,536,225
484,295,475,279,472,265,475,253,482,250,481,242,482,220,484,206,485,192,491,247,492,232,485,244,480,255,502,253,504,240,495,249,488,257,512,261,523,246,530,236,536,225
482,295,474,279,472,264,475,253,483,248,480,242,482,219,483,205,484,192,491,247,492,232,486,244,480,255,501,253,504,240,496,249,488,257,511,261,523,246,530,235,535,224
482,296,474,280,472,265,476,254,484,249,479,242,481,219,482,205,483,192,490,246,492,232,485,244,480,254,501,252,504,240,496,249,488,257,511,260,523,244,530,234,535,223
482,296,474,281,471,266,474,254,482,249,478,242,480,219,481,205,482,192,490,246,490,232,484,244,479,254,501,252,503,240,495,249,487,256,511,259,523,244,529,233,534,223
482,295,474,280,471,266,473,254,481,249,478,241,480,219,481,205,482,191,490,246,490,231,484,243,479,254,500,252,502,240,494,249,487,256,510,260,522,245,528,234,533,223
481,295,473,280,470,265,473,254,480,248,478,242,480,219,481,205,482,191,489,246,490,231,483,244,478,255,500,253,502,240,494,249,486,256,510,260,521,245,528,234,533,224
482,295,473,279,471,265,473,254,480,249,478,241,479,219,481,205,482,191,490,245,490,231,483,243,477,254,500,252,502,239,494,248,486,256,510,260,521,245,528,234,533,223
481,295,473,280,471,265,473,254,480,249,478,241,479,219,480,205,481,191,489,246,490,231,483,243,478,254,500,252,502,239,494,248,486,255,510,260,521,245,528,234,532,223
481,295,472,280,470,264,473,253,481,249,477,241,478,219,479,205,480,191,488,246,489,231,482,243,477,254,499,252,502,239,493,247,485,256,509,260,521,244,528,233,533,223
482,295,472,279,469,263,473,252,481,249,477,241,478,218,479,204,480,191,489,245,489,230,481,242,476,253,499,252,501,238,492,247,484,255,509,259,521,244,527,233,532,222
482,295,472,279,469,264,471,253,478,249,477,241,478,218,478,204,479,191,488,245,488,230,481,242,475,253,499,252,500,239,491,247,483,255,509,259,520,244,527,233,532,222
482,295,472,279,469,264,471,253,478,249,476,241,477,219,477,205,477,191,487,245,487,230,480,242,475,253,498,252,499,238,491,247,483,255,508,259,520,244,526,233,531,222
482,294,472,278,469,262,472,252,479,249,476,241,476,219,476,205,476,191,488,245,487,230,480,242,474,254,498,251,499,238,491,247,483,255,508,259,519,243,526,232,531,222
483,293,472,277,468,261,471,250,479,248,476,241,476,218,476,204,476,191,487,244,487,230,479,242,474,253,498,251,498,238,489,247,482,255,508,258,519,242,525,231,530,221
483,294,473,279,468,264,468,253,474,250,475,241,475,218,474,204,474,190,486,245,485,229,478,241,473,253,497,251,497,238,489,247,481,255,508,258,518,242,525,231,530,220
482,294,472,279,468,264,470,252,477,249,474,241,474,218,473,204,473,190,486,244,485,229,479,241,474,253,497,250,498,236,490,246,483,254,508,257,518,240,524,229,529,218
483,293,473,278,468,263,469,251,476,247,474,240,473,218,473,203,472,189,485,244,485,228,479,240,474,251,496,249,497,237,489,246,482,254,507,256,517,240,524,228,528,217
484,293,473,279,467,265,467,253,474,249,473,240,472,217,472,203,471,189,485,243,484,227,478,239,473,251,496,249,497,236,489,245,481,253,507,256,517,239,523,228,527,216
483,292,472,278,467,264,467,252,474,247,473,239,472,217,471,203,471,189,485,243,484,228,478,240,472,252,496,248,497,235,489,245,481,253,507,255,517,239,523,227,527,216
484,292,473,277,468,263,468,251,475,248,474,239,472,216,471,202,470,188,485,242,484,228,477,241,473,252,497,248,497,235,489,244,482,253,507,254,517,238,523,227,527,216
484,293,473,278,468,263,468,251,475,247,473,239,472,217,471,202,470,188,485,242,484,227,478,240,473,252,497,248,496,235,488,245,482,253,508,254,517,238,523,226,527,215
484,293,474,279,469,264,469,252,475,248,474,239,473,217,472,202,470,188,486,242,484,227,478,240,473,252,498,248,497,234,489,243,482,252,508,254,518,238,524,226,528,215
488,293,476,279,470,265,470,254,476,249,475,240,473,216,471,202,470,188,487,242,485,227,478,240,473,252,498,248,498,234,490,244,482,253,510,254,519,237,525,226,529,214
487,294,475,279,470,264,471,253,478,249,475,239,474,217,473,202,471,188,488,242,486,227,479,240,474,253,499,248,499,234,491,244,484,254,510,254,520,238,525,226,529,214
489,294,477,280,471,265,472,253,478,249,476,240,475,217,473,202,471,188,488,243,487,227,480,240,475,252,500,248,500,234,491,244,484,254,512,254,521,237,527,225,531,213
488,295,476,281,472,265,473,253,479,248,477,240,475,217,473,202,472,187,489,243,487,227,480,240,475,253,501,248,500,234,492,244,485,254,512,254,522,237,527,225,531,213
490,295,478,282,472,267,473,255,479,250,477,240,475,217,473,202,472,188,489,243,487,226,481,240,476,253,501,248,500,234,492,245,486,254,513,254,522,237,528,225,531,213
491,295,479,282,472,267,472,256,478,251,478,240,475,217,474,202,472,187,490,243,488,226,481,239,475,252,502,248,501,235,492,245,485,255,513,255,522,237,528,225,532,212
492,296,479,282,473,266,474,253,480,249,478,240,476,217,474,202,472,187,490,243,488,226,481,240,476,253,502,248,501,233,492,244,485,254,514,254,523,237,529,224,533,212
492,296,480,282,474,267,475,255,482,249,478,241,475,217,473,202,471,187,490,243,488,226,482,240,477,252,503,248,502,234,493,245,486,255,514,254,524,236,529,224,533,211
493,296,480,282,474,267,475,255,481,251,479,240,476,217,473,201,471,186,491,243,489,226,482,241,478,254,504,248,502,233,494,245,487,255,516,254,524,236,530,223,534,211
495,297,482,284,475,269,475,256,481,250,479,241,475,217,473,201,471,186,492,243,488,226,483,241,478,254,504,247,502,233,495,244,488,254,516,253,525,236,531,223,535,211
495,298,482,284,475,269,475,257,481,251,478,241,475,217,473,202,470,186,492,243,488,226,483,241,479,254,504,248,503,234,495,245,488,256,517,254,526,235,531,223,535,209
495,298,482,284,476,269,476,257,481,251,478,241,474,217,472,201,470,186,491,243,488,226,483,241,479,255,504,247,503,233,496,245,489,256,517,253,526,234,531,221,534,208
496,297,483,284,475,269,476,257,483,252,477,241,473,217,471,201,468,185,491,243,488,226,483,241,479,254,504,247,502,233,495,245,488,256,517,253,526,234,531,221,535,208
495,298,482,285,475,270,476,259,483,254,477,241,472,217,469,202,467,186,490,243,487,226,482,241,478,255,503,247,502,233,494,245,488,256,516,253,526,234,531,221,535,207
495,299,481,286,474,271,474,259,481,255,476,242,471,217,468,201,465,186,489,243,486,226,482,242,479,256,503,248,502,233,495,246,489,257,516,253,525,234,530,220,532,206
496,299,482,286,474,271,473,260,479,254,475,241,470,217,466,201,463,185,489,243,485,226,481,243,478,257,502,247,500,232,494,245,488,256,516,252,524,232,529,219,532,205
496,299,482,287,474,273,473,262,479,256,474,241,468,216,464,200,460,184,488,242,483,226,479,242,476,257,502,246,500,231,493,244,487,255,516,251,524,231,529,217,531,203
496,299,481,286,473,272,472,260,478,253,473,241,467,216,463,200,458,184,487,242,482,225,479,240,475,255,501,246,498,231,492,244,486,256,515,250,523,230,528,215,530,201
496,297,481,285,472,271,471,260,477,254,472,240,465,215,461,199,456,183,486,240,481,224,478,241,475,257,500,244,497,229,491,243,485,255,514,249,522,228,527,214,529,200
496,297,481,286,471,272,470,261,476,254,470,240,463,214,459,198,454,182,485,240,479,224,476,241,474,257,499,243,497,228,491,242,485,254,514,248,521,227,526,212,528,198
496,297,481,286,471,274,468,262,474,256,469,240,462,214,457,198,451,181,484,240,478,223,475,240,472,256,499,243,496,228,489,242,484,255,513,247,521,226,525,212,526,197
496,296,481,286,470,274,467,263,473,256,468,239,460,213,455,197,449,181,483,238,478,223,476,242,474,258,498,241,496,227,491,242,486,254,513,245,520,224,524,210,525,195
495,297,480,287,470,275,467,264,471,256,467,239,459,213,454,197,447,181,482,238,476,223,474,241,473,257,497,241,495,226,490,240,485,252,512,245,519,223,523,208,524,193
495,296,481,286,470,275,468,264,474,255,466,239,458,213,452,196,445,180,481,238,476,222,476,240,475,256,497,239,495,224,492,237,487,250,512,243,518,220,521,205,521,191
496,295,481,287,470,274,471,261,480,250,465,239,456,213,450,196,444,180,481,237,477,221,478,239,478,254,496,238,496,221,494,235,490,247,512,241,517,219,520,204,520,189
497,295,481,287,471,274,473,260,483,250,464,239,455,213,450,195,444,179,480,236,477,221,480,239,482,254,496,237,496,220,496,236,492,248,512,239,517,217,520,202,520,187
497,296,482,288,471,275,475,260,486,249,464,240,454,214,449,196,443,179,480,237,477,220,481,238,483,253,496,237,496,220,496,235,493,248,511,239,516,216,519,201,518,187
497,296,482,288,472,274,478,257,490,247,463,240,453,214,448,196,443,179,480,236,477,219,483,238,484,253,496,236,497,218,497,236,495,249,511,238,515,216,518,201,517,185
497,296,482,290,473,275,480,258,493,247,463,241,453,214,448,196,443,179,480,237,478,220,484,238,486,253,496,236,497,217,498,234,496,248,511,237,515,214,517,199,517,184
497,297,482,290,474,275,481,258,494,246,463,242,453,215,448,196,443,179,479,237,478,220,484,238,487,253,495,236,497,218,500,236,498,249,511,238,515,215,517,200,517,184
497,298,482,291,474,276,481,259,493,246,463,243,453,215,448,196,443,178,480,238,479,220,486,238,489,253,496,237,498,218,501,234,499,248,511,239,514,215,517,199,516,184
498,298,483,291,475,276,483,259,495,246,462,242,452,215,447,196,442,179,479,237,478,220,487,238,491,254,496,236,498,217,502,234,501,248,511,237,515,214,517,199,516,183
498,298,483,292,475,277,483,260,495,247,462,243,452,216,447,197,441,181,479,238,478,221,487,239,490,255,496,237,497,218,501,234,500,248,511,238,514,214,516,198,515,183
498,299,482,293,475,278,483,261,496,247,462,244,451,217,446,198,440,181,479,239,478,222,487,240,491,255,495,237,497,219,502,235,502,249,510,238,513,214,515,199,513,183
497,300,482,293,476,278,486,260,499,246,461,246,449,218,443,200,437,184,477,240,476,222,488,240,493,256,493,238,494,219,501,235,502,250,507,238,509,214,511,198,508,183
495,301,481,293,475,278,487,259,501,246,459,247,446,220,440,202,434,185,475,241,474,222,487,239,492,255,491,238,491,217,499,232,500,246,505,239,507,214,509,198,507,183
495,301,480,295,475,279,488,259,501,244,458,249,444,222,438,204,432,187,474,243,473,223,485,239,492,255,489,240,488,217,496,227,498,239,503,238,504,214,504,197,502,182
493,300,480,295,477,278,491,259,503,242,457,250,443,223,437,205,432,189,472,244,474,222,490,235,498,250,485,240,488,219,500,231,506,244,498,238,497,214,498,197,496,182
490,298,479,293,476,279,490,260,504,242,456,250,442,224,436,206,431,191,471,243,473,221,489,232,499,247,484,238,487,219,500,229,507,242,496,236,493,214,494,198,492,185
488,296,478,292,475,279,489,261,502,243,455,251,441,226,436,208,430,193,469,243,471,222,489,232,499,246,482,238,484,219,499,230,506,242,493,236,489,213,489,198,486,185
486,293,478,290,476,278,488,260,501,244,454,251,441,228,434,211,428,194,466,243,469,223,489,232,500,246,479,238,482,219,498,230,506,243,490,234,485,213,485,197,482,184
482,289,475,288,473,278,486,262,499,246,452,251,439,229,433,213,428,197,464,242,466,223,485,232,498,245,477,236,480,219,496,229,505,241,488,233,483,212,482,196,480,183
479,284,473,285,472,277,485,263,499,247,451,249,438,229,432,213,427,198,462,240,464,222,483,230,496,243,474,235,477,218,492,227,502,238,486,231,481,211,480,196,478,183
476,278,469,282,470,275,483,262,497,248,448,247,436,227,430,211,425,195,458,237,463,222,483,231,495,242,471,232,476,217,491,225,500,235,482,228,478,207,477,193,474,180
474,275,466,280,468,273,482,258,495,244,447,246,436,226,429,210,422,194,456,236,463,220,483,229,495,239,468,230,474,215,491,224,500,232,479,226,472,206,470,191,464,177
471,272,465,278,466,271,480,256,493,243,445,244,434,226,427,211,420,195,454,234,461,219,482,226,495,237,466,229,472,214,488,222,498,231,477,224,473,205,471,190,468,177
471,270,466,277,468,270,481,255,494,240,445,245,432,227,426,211,420,195,454,235,459,219,479,225,492,234,466,228,470,213,486,220,496,228,476,223,471,203,469,189,466,176
473,269,469,275,469,269,481,254,495,240,446,244,433,226,426,210,420,195,455,234,460,218,479,224,491,233,467,227,471,212,486,220,495,228,477,221,472,201,470,187,467,174
475,267,470,275,471,270,482,254,496,239,448,246,435,227,428,212,422,196,456,235,463,219,482,224,495,234,467,227,472,213,488,220,498,227,478,221,472,202,470,188,466,175
475,267,471,274,472,269,486,254,501,240,450,244,438,226,433,211,429,196,457,233,465,218,484,224,498,233,469,225,475,212,491,218,502,225,479,219,474,200,472,185,468,173
478,267,473,274,474,268,486,253,500,241,452,246,440,228,434,213,428,198,461,235,467,220,486,227,498,237,472,227,476,214,493,221,503,228,482,220,474,201,470,186,465,173
479,266,473,275,474,270,487,256,500,243,451,248,439,229,434,215,428,199,459,236,466,221,485,229,497,239,471,227,476,214,493,221,502,228,481,220,474,201,470,188,463,176
478,266,472,274,473,270,487,257,501,246,451,247,440,230,433,216,427,202,460,235,466,223,484,232,493,242,471,227,476,215,492,224,500,230,482,220,474,201,470,188,463,175
476,269,472,274,477,267,489,252,499,241,451,247,441,230,436,219,428,205,458,238,465,223,485,231,496,239,468,229,474,217,491,225,500,231,477,222,467,203,461,189,453,176
476,269,470,277,470,272,483,258,495,248,449,250,437,233,429,220,421,206,458,238,464,224,483,231,494,240,469,230,475,218,491,224,500,231,480,223,471,204,467,190,461,177
476,269,472,277,473,272,485,257,497,244,450,253,437,237,430,224,421,209,457,241,462,227,481,233,494,240,468,232,473,219,490,225,500,232,478,224,469,205,466,191,460,179
475,269,472,277,474,274,487,259,499,245,450,253,438,237,431,223,423,209,457,241,463,225,482,231,495,240,468,231,473,218,490,224,500,230,478,223,470,204,466,190,460,178
478,270,472,278,472,273,483,260,496,248,451,252,439,234,432,221,424,207,459,240,465,226,484,232,495,241,471,231,475,219,491,224,501,230,481,223,472,205,467,190,461,178
478,269,473,276,473,272,486,260,498,250,451,252,440,234,433,221,426,206,459,239,468,226,486,233,497,242,470,231,477,219,493,225,502,231,481,223,472,204,468,191,462,178
479,268,475,276,475,272,486,259,499,249,453,250,441,233,434,220,427,206,460,238,466,224,485,232,497,241,472,229,476,217,493,223,503,229,482,222,473,203,469,189,463,177
479,268,475,276,476,272,489,258,502,247,453,250,441,233,434,220,426,207,461,238,467,224,486,231,497,240,472,230,477,217,494,224,503,230,482,222,473,203,469,189,462,177
482,268,474,275,472,270,483,257,493,247,453,250,441,234,434,220,425,205,461,238,468,225,486,232,498,240,472,230,477,218,493,225,503,231,483,222,473,204,468,191,461,179
479,266,474,274,474,271,487,260,499,249,452,249,440,232,434,219,427,204,459,237,467,224,485,233,496,241,471,228,477,216,493,223,502,229,482,221,473,202,469,189,463,176
478,266,474,275,473,271,486,261,498,251,451,248,440,231,433,218,425,205,460,237,466,222,484,231,495,240,471,228,475,215,492,222,501,228,482,221,473,203,469,190,462,177
479,267,474,275,475,270,487,256,498,245,452,249,440,232,432,219,424,206,460,237,465,223,484,231,496,239,470,229,474,216,490,223,499,229,481,221,471,203,467,190,460,178
478,271,478,272,482,263,492,248,501,237,456,242,451,226,449,222,444,215,459,236,464,223,483,233,495,240,466,231,469,218,487,226,496,232,473,227,462,207,457,191,449,177
479,268,475,277,476,273,489,260,500,249,451,253,439,238,431,224,421,210,459,240,465,222,485,229,497,237,470,231,475,217,493,223,503,230,481,223,470,204,466,190,460,177
480,268,476,276,476,273,488,258,500,245,452,252,439,235,433,221,427,207,459,239,465,225,482,233,493,242,470,230,474,217,490,224,499,231,481,222,473,203,468,189,461,177
479,270,474,275,476,270,488,254,499,242,452,250,441,232,435,219,426,205,459,239,464,225,483,234,495,241,469,230,473,217,491,226,501,232,479,223,468,205,461,191,453,178
477,266,474,276,475,273,487,259,499,246,450,253,438,237,431,224,422,211,458,240,463,225,482,232,493,241,469,230,473,217,490,224,499,232,479,222,470,203,466,189,460,177
477,269,474,276,475,272,487,257,499,244,449,251,437,234,431,222,422,208,456,240,462,224,483,233,494,241,467,230,473,217,492,225,502,231,477,222,467,204,461,191,452,179
477,271,474,274,476,266,486,252,495,242,450,247,442,232,436,226,428,218,456,238,460,226,479,235,491,243,465,231,467,218,483,226,493,232,474,225,463,206,456,192,448,178
478,267,473,277,473,273,484,258,496,245,449,253,435,238,427,227,417,214,457,240,460,226,479,232,490,241,467,231,471,218,487,225,496,232,477,222,468,204,464,190,457,177
476,268,470,275,471,271,483,258,494,248,448,253,435,237,428,227,419,214,455,240,461,228,479,234,489,241,466,231,472,218,488,226,497,233,477,222,468,203,462,189,454,176
478,266,474,271,474,266,483,254,493,245,448,247,444,234,447,236,446,235,455,237,461,226,480,235,491,241,465,230,470,218,485,226,493,231,475,223,464,204,457,189,448,175
475,270,472,274,475,268,487,255,497,246,447,249,438,234,433,228,425,218,454,240,461,228,480,238,491,245,463,232,469,220,487,229,496,236,473,224,462,204,454,189,445,176
476,269,471,277,472,272,484,257,497,246,447,253,434,238,428,228,421,216,455,241,460,226,479,234,490,243,466,231,471,219,487,227,495,235,478,223,467,204,462,190,455,177
477,267,471,276,471,272,484,260,498,250,447,253,436,238,429,227,422,215,455,240,460,227,478,235,489,243,467,230,472,218,487,226,496,233,478,221,469,203,464,189,457,177
478,268,473,274,474,270,485,256,495,246,448,251,439,236,437,232,431,225,455,240,461,228,478,238,487,244,466,230,472,217,487,227,494,234,477,222,467,202,461,187,454,174
476,267,473,275,475,272,487,259,500,249,447,254,437,238,434,230,426,219,454,241,462,228,481,237,490,244,465,230,473,218,489,228,497,235,476,221,467,201,461,187,453,174
475,266,472,275,474,274,487,263,499,253,446,254,436,239,431,227,425,215,453,241,462,228,479,236,490,244,464,231,472,218,488,227,496,236,475,221,468,201,463,187,457,175
475,269,471,276,475,271,490,257,501,248,445,253,435,237,431,228,425,216,453,241,460,227,477,238,486,246,464,231,471,217,487,228,493,237,476,222,466,201,460,187,453,173
472,268,468,276,471,273,486,261,499,253,443,253,434,237,429,226,422,213,450,240,461,227,479,237,488,246,462,230,472,218,488,229,495,237,475,221,465,202,460,188,453,174
471,271,468,274,471,268,484,254,496,244,445,245,442,232,443,233,439,231,451,237,461,227,478,239,486,245,460,229,469,219,484,230,490,237,471,223,460,203,455,188,449,173
467,266,463,276,465,275,479,266,493,260,440,252,431,238,425,226,418,213,448,238,462,227,481,236,491,244,460,228,473,219,489,230,495,238,473,220,465,201,460,187,453,174
468,268,466,276,469,273,483,261,497,251,439,251,430,234,426,224,420,211,446,238,458,227,476,237,485,246,459,229,469,217,485,228,492,237,471,220,463,200,459,186,452,173
469,267,465,275,466,273,481,261,496,250,438,250,429,233,425,222,419,208,446,237,457,225,474,237,483,247,458,227,468,215,484,228,491,237,470,219,463,199,459,185,453,171
467,268,464,272,468,268,483,254,496,244,437,246,433,231,435,231,433,226,445,236,455,224,472,236,479,244,456,227,468,216,484,228,490,236,469,219,459,199,452,184,445,169
465,266,462,274,465,272,479,260,494,251,436,248,427,231,422,220,416,207,444,235,457,224,473,237,479,247,457,225,468,214,483,227,488,236,470,217,461,196,457,181,451,168
466,266,459,273,461,269,477,257,493,248,435,247,426,229,421,221,414,209,445,234,453,224,468,238,475,246,458,224,466,214,479,228,485,237,472,216,460,195,454,181,446,167
465,262,460,271,461,269,476,258,490,249,434,246,425,229,420,219,413,206,443,233,454,223,471,237,479,245,456,223,466,214,481,227,487,236,470,214,460,193,455,180,448,167
466,261,461,270,462,270,476,259,490,250,434,246,424,229,418,218,410,206,443,233,452,223,469,235,477,243,456,222,465,212,479,226,485,236,470,213,460,192,455,178,448,165
467,259,462,270,460,270,476,261,488,252,436,246,424,229,418,217,411,204,445,232,451,222,467,234,474,243,457,222,464,211,477,225,482,235,470,212,462,191,457,176,450,163
467,261,462,270,461,269,476,260,487,254,436,246,424,229,418,218,410,206,444,232,453,220,469,234,477,245,457,221,465,210,478,224,483,235,470,212,461,190,457,175,450,163
468,260,463,270,462,269,477,260,490,251,435,245,424,227,418,217,410,205,444,231,452,223,468,236,476,244,457,220,466,212,479,226,484,236,471,211,462,188,457,174,450,161
470,261,465,269,464,268,480,258,492,248,436,244,424,227,418,217,411,204,445,231,453,221,471,233,481,242,458,220,466,210,481,223,488,234,472,211,463,188,458,173,452,160
471,258,466,268,466,268,482,261,496,253,438,244,425,228,419,216,413,202,446,230,455,221,472,232,482,241,459,220,469,210,484,224,490,235,472,210,465,186,460,172,454,159
470,264,467,268,474,262,490,249,499,242,440,241,428,224,422,214,413,201,447,231,458,219,476,233,486,243,458,222,469,211,485,225,492,236,470,213,462,188,455,172,447,156
469,261,464,271,467,270,482,258,497,249,437,247,426,230,420,219,411,205,447,232,455,220,472,232,481,240,460,221,469,209,485,223,491,233,475,211,466,188,461,172,453,157
471,262,466,270,466,268,481,257,491,248,439,243,426,225,420,213,413,200,448,230,457,217,473,229,481,239,462,219,471,207,484,221,491,232,476,211,468,187,462,172,455,157
471,259,464,269,465,268,483,259,497,253,437,244,426,226,420,214,411,200,446,230,459,217,476,232,483,243,461,219,473,207,486,223,491,234,476,210,468,186,463,172,456,158
471,261,466,269,467,267,484,256,496,247,438,243,425,225,418,214,410,201,447,230,457,216,474,231,482,243,461,219,470,206,485,221,491,233,475,210,467,185,462,169,455,155
470,259,465,268,465,268,482,261,497,252,437,242,425,225,418,214,410,200,447,228,455,219,472,233,480,244,461,217,469,208,483,224,489,236,476,208,469,185,466,169,460,155
471,262,466,271,468,268,486,258,499,250,437,243,425,225,418,213,410,199,446,229,458,218,475,233,484,245,460,219,471,208,486,223,491,236,475,209,469,184,465,168,459,153
471,262,466,271,468,269,486,260,500,251,438,243,425,226,419,213,411,200,448,229,457,218,475,232,483,245,462,218,471,207,485,223,491,236,477,209,471,185,468,168,461,153
472,261,465,270,465,269,485,259,502,251,437,243,424,226,419,214,411,200,447,229,458,217,479,231,489,243,462,218,472,207,489,222,496,235,477,209,470,185,467,169,460,154
472,260,466,269,468,269,485,259,499,250,439,244,426,226,420,213,412,199,448,230,459,216,479,230,489,242,462,219,472,206,488,221,496,233,477,209,470,184,466,168,460,153
472,261,468,268,472,266,488,255,500,248,440,243,426,225,419,212,411,198,449,230,459,216,478,230,488,243,462,219,471,206,487,220,495,233,476,210,470,184,467,167,460,153
473,258,468,269,470,269,486,261,498,252,440,243,425,224,418,212,410,199,450,228,458,218,477,232,488,244,464,217,472,206,487,221,493,233,478,208,472,182,469,166,463,153
476,257,469,267,464,269,484,262,498,251,440,241,425,223,418,209,411,195,451,226,459,219,478,233,489,247,465,216,472,207,487,222,493,235,479,207,475,183,472,167,466,152
478,258,470,267,463,270,480,263,494,252,441,238,425,219,419,204,414,189,453,224,461,215,480,232,490,246,468,215,476,207,492,226,500,241,482,207,481,182,481,168,478,154
478,257,470,266,462,267,478,262,491,252,444,234,427,214,421,198,417,182,457,221,463,212,481,228,491,244,471,214,478,204,493,223,500,238,485,207,486,184,488,169,485,156
481,255,471,264,461,265,474,260,487,250,445,230,430,209,425,192,422,176,459,218,465,208,480,227,488,244,475,212,482,204,494,224,499,240,490,207,492,184,496,170,496,156
483,258,469,264,458,263,468,261,480,253,447,226,433,203,427,187,424,172,463,217,463,207,473,226,478,242,481,215,485,207,492,229,494,243,497,215,503,192,509,179,512,164
480,261,464,265,455,261,462,260,474,254,450,223,438,198,433,181,429,165,468,217,468,205,473,227,474,242,486,217,491,211,492,235,491,251,503,220,512,199,519,187,524,172
476,262,459,263,450,256,459,255,474,251,451,217,441,192,436,177,432,161,469,215,468,204,469,226,468,241,487,219,491,214,486,237,482,253,504,224,516,201,522,188,528,174
475,266,459,264,452,257,457,253,465,251,453,219,449,189,447,170,446,152,471,218,471,203,468,224,466,238,489,222,491,214,483,236,477,251,507,228,518,208,524,198,528,184
480,273,461,271,452,262,453,255,462,249,453,221,446,191,442,172,438,154,472,220,470,206,466,226,463,241,491,224,491,215,481,237,475,252,509,230,522,209,529,197,535,183
482,281,463,278,452,267,451,257,458,249,455,221,446,191,441,171,435,152,474,222,471,207,466,225,459,240,493,228,492,218,481,236,471,251,510,235,523,210,532,194,537,179
480,289,460,282,450,266,449,254,458,248,453,224,446,194,440,174,434,155,473,225,471,208,464,226,458,243,491,232,492,217,482,233,474,247,508,238,523,213,532,196,538,179
479,293,459,285,449,268,449,256,456,250,452,225,446,194,440,174,434,156,472,226,468,212,460,231,454,250,490,233,489,220,478,235,469,249,507,241,522,215,531,197,536,179
480,295,460,285,449,269,447,257,453,251,454,226,446,195,440,175,435,156,472,228,467,212,459,232,453,251,490,234,487,222,476,237,467,252,506,242,521,216,530,198,536,179
481,297,459,285,448,268,445,257,450,250,453,227,445,196,440,176,435,157,471,228,466,212,457,232,451,252,489,234,486,222,475,237,465,252,506,242,521,217,530,198,535,180
480,299,458,287,447,269,444,257,447,250,454,228,445,196,439,176,434,156,472,229,465,212,456,232,450,252,489,235,484,224,472,240,462,256,505,243,520,219,528,201,534,182
479,300,456,286,445,267,442,254,445,248,453,228,446,196,440,175,435,156,471,231,464,213,454,233,446,253,489,237,483,224,469,239,459,255,506,245,519,221,528,202,535,184
478,300,456,287,445,268,440,256,441,250,453,229,447,195,441,175,436,156,471,232,463,213,451,233,444,254,488,238,482,224,467,238,456,252,505,247,519,223,529,205,535,187
477,302,455,288,444,269,439,256,439,250,453,230,448,195,442,175,437,155,471,233,464,214,451,233,442,254,488,241,483,225,467,239,455,252,505,249,519,225,529,208,536,190
477,303,455,289,443,269,437,255,437,248,454,231,448,196,443,175,439,155,471,234,463,214,450,233,441,254,488,242,481,226,465,240,453,254,504,250,519,226,528,208,536,190
477,304,455,289,443,268,436,255,436,248,454,231,449,197,444,176,440,156,471,235,463,213,448,232,439,253,488,243,480,227,463,240,451,254,504,251,518,227,529,210,537,192
478,306,456,292,444,271,436,257,434,250,456,232,450,198,445,177,441,157,472,236,464,214,448,234,438,255,489,245,481,227,463,240,450,253,504,254,519,230,529,212,537,194
477,306,456,292,444,271,437,257,435,249,456,233,451,198,446,177,442,157,473,237,464,214,448,234,438,255,489,245,481,227,463,240,450,253,505,254,520,230,530,213,538,195
477,307,455,292,444,271,438,257,436,250,456,234,452,199,447,178,443,158,473,238,465,216,449,236,439,256,490,246,483,228,465,241,452,254,505,255,521,231,531,214,538,197
478,308,457,294,445,272,438,258,436,251,457,233,453,199,449,178,445,158,474,238,466,216,450,235,440,255,490,247,484,229,465,241,452,254,506,256,522,232,532,215,541,198
478,309,457,294,446,273,439,259,437,251,459,234,456,200,452,179,448,158,475,239,468,216,451,235,440,255,492,248,484,229,465,241,452,254,507,257,523,233,533,216,542,199
478,308,457,294,446,272,438,258,435,250,460,233,457,200,454,179,451,159,476,239,470,215,453,233,442,253,492,248,486,230,467,242,453,255,508,258,523,235,534,219,544,202
478,309,457,295,446,273,440,259,438,251,460,234,458,200,455,179,452,158,476,239,471,215,454,233,443,253,493,249,487,230,468,242,454,254,508,258,524,235,535,219,544,202
479,310,458,295,447,273,440,258,438,249,461,234,459,200,456,179,453,159,477,239,471,216,454,234,443,254,494,248,487,230,469,242,455,254,509,258,525,235,536,219,544,202
477,309,458,294,447,274,441,259,439,248,460,233,460,199,458,178,455,158,476,238,471,215,455,233,444,253,493,247,488,228,470,239,457,251,508,257,525,234,535,218,544,201
478,309,458,294,447,272,441,257,441,247,460,232,460,198,458,178,456,158,477,237,472,213,456,232,444,251,493,246,488,227,471,238,457,250,508,256,525,233,535,217,544,200
477,308,457,292,447,269,443,252,445,242,462,231,462,198,460,177,458,157,478,237,474,212,457,228,446,246,494,246,489,227,471,238,457,249,508,255,525,232,536,216,546,200
479,308,459,292,449,269,443,251,445,240,464,230,463,196,463,175,461,155,479,236,475,210,460,227,448,245,495,245,490,225,472,237,459,248,510,254,526,231,537,215,547,199
480,307,460,290,449,268,444,251,444,239,465,229,465,195,465,175,463,155,481,235,477,209,460,226,448,243,496,244,491,225,473,235,459,246,510,254,526,232,538,216,547,200
481,306,460,288,451,266,447,249,448,238,467,228,467,195,467,174,465,155,482,234,479,209,462,225,450,243,497,243,493,224,476,235,462,247,511,253,528,231,539,216,548,200
480,305,461,288,451,266,446,250,445,238,468,228,469,194,469,174,467,154,483,233,479,209,462,225,451,242,498,242,493,224,475,234,462,245,512,252,528,231,540,215,549,199
482,305,462,288,452,266,446,249,445,239,468,228,469,194,468,174,467,154,483,233,479,209,462,225,450,243,497,243,493,224,475,234,461,244,511,253,528,231,539,216,548,200
481,305,462,288,452,267,447,251,446,239,467,228,468,195,466,176,464,157,482,234,478,210,461,226,449,243,497,243,493,224,475,234,461,244,511,253,527,231,538,216,547,199
480,305,461,289,452,268,448,252,446,242,466,229,467,197,465,177,463,158,481,235,477,211,461,228,450,245,496,243,493,224,475,234,462,245,510,253,527,231,537,215,545,199
480,306,461,290,452,269,447,253,448,244,464,232,464,198,462,179,461,160,479,236,475,212,460,229,450,246,494,244,491,225,475,236,462,247,508,254,524,232,534,215,542,199
480,308,459,291,451,270,448,255,451,247,459,234,459,201,457,182,454,163,475,238,472,215,458,232,449,251,491,246,489,225,474,236,463,249,506,254,522,232,532,215,540,198
479,308,459,290,451,271,450,257,455,249,456,235,453,204,450,186,446,168,472,238,469,218,460,236,453,255,489,245,488,227,477,240,468,252,505,254,520,231,528,215,533,198
480,309,461,292,451,275,449,260,458,253,452,238,448,208,444,190,439,172,470,240,467,219,461,238,456,256,487,245,487,226,479,240,471,253,504,253,517,228,524,211,528,194
484,311,466,297,457,278,458,262,464,252,449,244,441,215,436,197,430,180,466,243,463,222,462,239,460,255,484,245,484,223,480,236,475,249,502,249,509,223,514,206,516,189
487,311,469,299,457,284,460,268,471,255,446,248,435,220,429,202,422,186,463,244,458,225,464,243,466,258,481,244,480,224,481,240,480,254,499,246,503,221,505,204,505,188
487,311,469,300,458,286,462,269,475,258,444,252,431,225,423,209,415,194,461,247,458,228,466,248,470,264,478,246,477,224,481,242,481,258,495,247,497,221,498,204,496,188
489,310,472,302,461,289,465,272,476,258,442,257,427,231,419,214,411,199,458,250,454,232,466,251,472,266,475,245,473,224,480,241,482,256,491,244,491,217,491,201,488,186
491,307,474,302,463,291,468,272,478,256,442,260,425,236,415,220,406,206,457,250,453,233,468,249,477,264,473,244,470,224,480,240,484,256,487,241,485,216,483,199,479,185
492,305,475,301,466,290,471,271,479,255,443,263,424,240,414,225,405,212,456,252,448,233,464,247,475,260,470,245,464,223,474,237,480,250,484,240,478,216,474,200,469,187
492,302,476,299,466,287,472,267,481,250,441,261,423,239,413,225,404,212,454,251,447,233,463,246,474,260,468,243,462,224,474,237,480,251,481,239,475,216,472,200,465,186
492,300,477,297,469,285,473,266,480,248,442,260,424,239,414,224,405,212,455,250,450,232,465,243,475,257,468,242,461,222,468,226,473,233,481,237,474,215,470,199,464,186
491,299,477,295,469,283,475,264,482,247,443,259,426,239,417,224,408,211,456,249,452,231,467,240,477,253,469,241,464,221,474,227,480,236,481,236,474,215,469,199,463,186
491,296,478,294,471,280,478,259,485,242,443,258,426,238,416,223,407,211,456,248,451,229,466,238,476,250,468,240,464,222,475,230,482,241,480,235,472,215,468,199,462,187
491,294,478,292,471,279,478,258,485,241,443,259,427,237,417,223,408,211,455,249,452,228,468,237,477,249,468,240,464,220,475,223,481,230,480,235,472,216,467,201,460,190
492,292,480,292,473,279,478,260,485,243,444,258,428,238,419,224,409,211,456,247,452,228,467,235,478,246,468,239,464,219,476,220,483,224,480,233,472,215,467,201,461,190
493,290,480,289,473,277,479,259,485,241,445,258,428,238,418,225,409,213,456,247,451,229,468,235,480,245,467,238,464,220,479,228,489,239,478,232,469,213,464,198,457,186
493,288,480,288,473,278,479,260,485,243,445,259,429,241,420,227,411,215,456,248,452,230,466,236,475,245,468,238,464,219,474,218,481,221,480,232,470,215,464,203,457,195
493,285,480,286,473,277,479,259,487,243,446,258,429,240,420,228,411,217,455,247,453,230,470,238,480,248,467,237,466,220,480,227,489,237,479,230,469,211,462,197,453,186
494,284,481,286,472,279,479,262,487,246,448,257,433,239,425,227,417,215,458,246,456,230,469,238,476,247,470,237,466,218,468,212,469,210,483,232,473,217,467,208,459,202
493,285,480,286,471,277,481,261,490,246,450,256,433,241,424,229,415,219,461,246,456,229,467,235,473,244,475,240,471,222,473,215,473,211,489,238,484,229,480,231,475,235
493,284,480,286,473,278,481,262,490,250,450,259,433,243,422,232,411,221,460,248,456,233,470,240,477,248,473,239,467,222,472,217,472,215,486,235,473,222,464,215,454,211
491,284,488,283,483,273,485,259,491,248,466,247,457,221,451,205,443,190,464,243,462,232,478,243,486,253,464,241,451,229,448,223,441,219,465,242,447,231,436,223,422,215
492,283,479,287,473,279,480,263,490,251,449,261,432,248,421,237,409,226,459,250,456,236,470,245,478,255,472,241,466,224,468,216,468,211,486,237,473,224,465,216,456,211
490,283,483,286,479,277,484,263,492,253,453,258,438,239,428,226,417,213,457,248,458,237,476,247,485,257,465,240,458,228,465,230,467,232,473,234,457,221,446,211,432,201
485,287,493,277,494,266,491,257,491,251,477,237,468,214,461,199,452,185,466,242,463,232,477,242,488,251,457,249,446,239,453,242,457,244,450,256,432,244,421,233,408,222
491,284,481,287,476,282,481,268,486,253,450,262,431,250,420,239,409,227,459,250,458,236,473,245,480,255,470,241,466,223,474,226,478,230,481,234,469,216,463,205,455,197
492,281,482,285,475,280,484,266,493,254,448,261,433,248,424,238,414,226,456,249,458,236,477,244,488,253,468,239,469,224,484,232,491,240,479,231,470,212,463,198,453,186
488,283,497,273,495,261,491,255,489,253,480,233,471,211,463,196,456,182,467,240,463,233,474,244,482,253,456,249,442,239,438,238,432,235,448,258,432,245,422,235,410,222
496,282,485,288,476,283,478,269,484,254,449,256,430,241,421,230,412,219,460,246,459,232,474,243,482,256,472,238,471,222,482,232,486,242,484,231,477,210,474,196,469,184
496,285,483,290,470,283,474,270,481,256,452,253,434,235,424,221,414,208,465,243,463,229,475,243,481,256,479,237,478,222,486,238,490,251,491,232,487,211,484,197,478,184
494,288,481,290,468,281,472,266,483,254,455,248,439,228,430,213,421,198,468,240,468,228,476,245,481,258,483,235,485,224,490,242,491,255,496,233,496,211,494,198,491,185
494,290,479,291,466,279,470,266,482,256,458,245,444,223,435,206,428,190,472,240,469,226,474,244,476,258,488,238,487,226,489,245,488,259,503,238,503,215,503,200,502,186
494,293,479,291,466,280,467,268,477,258,458,244,446,221,439,204,433,188,473,240,469,226,473,244,475,259,489,239,488,226,488,242,486,256,504,240,507,217,509,202,509,187
